S.No,State,District,% Contribution of Testing by RAT,% Contribution of Testing by RTPCR,Positivity
1,ANDAMAN AND NICOBAR ISLANDS,NICOBARS,6,94,0
2,ANDAMAN AND NICOBAR ISLANDS,SOUTH ANDAMANS,8,92,0
3,ANDHRA PRADESH,ANANTAPUR,17,83,1.21
4,ANDHRA PRADESH,CHITTOOR,1,99,0.85
5,ANDHRA PRADESH,SPSR NELLORE,16,84,0.7
6,ANDHRA PRADESH,EAST GODAVARI,8,92,0.46
7,ANDHRA PRADESH,VISAKHAPATANAM,11,89,0.37
8,ANDHRA PRADESH,PRAKASAM,14,86,0.31
9,ANDHRA PRADESH,GUNTUR,25,75,0.28
10,ANDHRA PRADESH,WEST GODAVARI,7,93,0.28
11,ANDHRA PRADESH,KRISHNA,12,88,0.25
12,ANDHRA PRADESH,KURNOOL,40,60,0.11
13,ANDHRA PRADESH,Y.S.R.,1,99,0.08
14,ANDHRA PRADESH,SRIKAKULAM,2,98,0.07
15,ANDHRA PRADESH,VIZIANAGARAM,7,93,0
16,ARUNACHAL PRADESH,ANJAW,99,1,0
17,ARUNACHAL PRADESH,CHANGLANG,100,0,0
18,ARUNACHAL PRADESH,DIBANG VALLEY,83,17,0
19,ARUNACHAL PRADESH,EAST KAMENG,100,0,0
20,ARUNACHAL PRADESH,EAST SIANG,94,6,0
21,ARUNACHAL PRADESH,KAMLE,100,0,0
22,ARUNACHAL PRADESH,KRA  DAADI,100,0,0
23,ARUNACHAL PRADESH,LEPARADA,67,33,0
24,ARUNACHAL PRADESH,LOHIT,100,0,0
25,ARUNACHAL PRADESH,LOWER DIBANG VALLEY,100,0,0
26,ARUNACHAL PRADESH,LOWER SUBANSIRI,0,100,0
27,ARUNACHAL PRADESH,NAMSAI,97,3,0
28,ARUNACHAL PRADESH,PAKKE KESSANG,100,0,0
29,ARUNACHAL PRADESH,PAPUM PARE,68,32,0
30,ARUNACHAL PRADESH,SIANG,50,50,0
31,ARUNACHAL PRADESH,TAWANG,100,0,0
32,ARUNACHAL PRADESH,TIRAP,100,0,0
33,ARUNACHAL PRADESH,UPPER SUBANSIRI,0,100,0
34,ARUNACHAL PRADESH,WEST KAMENG,0,100,0
35,ASSAM,NALBARI,54,46,3.57
36,ASSAM,KAMRUP,71,29,2.67
37,ASSAM,KAMRUP METRO,37,63,2.64
38,ASSAM,DIBRUGARH,25,75,1.96
39,ASSAM,GOLAGHAT,15,85,1.69
40,ASSAM,JORHAT,18,82,0.95
41,ASSAM,NAGAON,93,7,0.26
42,ASSAM,CACHAR,72,28,0.21
43,ASSAM,BAKSA,69,31,0
44,ASSAM,BARPETA,90,10,0
45,ASSAM,BISWANATH,50,50,0
46,ASSAM,BONGAIGAON,92,8,0
47,ASSAM,CHARAIDEO,100,0,0
48,ASSAM,CHIRANG,88,12,0
49,ASSAM,DARRANG,75,25,0
50,ASSAM,DHEMAJI,75,25,0
51,ASSAM,DHUBRI,65,35,0
52,ASSAM,DIMA HASAO,100,0,0
53,ASSAM,GOALPARA,99,1,0
54,ASSAM,HAILAKANDI,100,0,0
55,ASSAM,HOJAI,78,22,0
56,ASSAM,KARBI ANGLONG,40,60,0
57,ASSAM,KARIMGANJ,38,62,0
58,ASSAM,KOKRAJHAR,50,50,0
59,ASSAM,LAKHIMPUR,67,33,0
60,ASSAM,MAJULI,50,50,0
61,ASSAM,MARIGAON,68,32,0
62,ASSAM,SIVASAGAR,25,75,0
63,ASSAM,SONITPUR,60,40,0
64,ASSAM,SOUTH SALMARA MANCACHAR,100,0,0
65,ASSAM,TINSUKIA,26,74,0
66,ASSAM,UDALGURI,20,80,0
67,BIHAR,PATNA,49,51,0.07
68,BIHAR,JAMUI,65,35,0.06
69,BIHAR,AURANGABAD,46,54,0.05
70,BIHAR,BHAGALPUR,51,49,0.02
71,BIHAR,BHOJPUR,47,53,0.02
72,BIHAR,LAKHISARAI,35,65,0.02
73,BIHAR,NAWADA,46,54,0.02
74,BIHAR,SARAN,70,30,0.02
75,BIHAR,BUXAR,58,42,0.01
76,BIHAR,GOPALGANJ,42,58,0.01
77,BIHAR,KAIMUR (BHABUA),59,41,0.01
78,BIHAR,MADHEPURA,48,52,0.01
79,BIHAR,MADHUBANI,69,31,0.01
80,BIHAR,MUNGER,35,65,0.01
81,BIHAR,PASHCHIM CHAMPARAN,47,53,0.01
82,BIHAR,ROHTAS,67,33,0.01
83,BIHAR,SAHARSA,70,30,0.01
84,BIHAR,ARARIA,71,29,0
85,BIHAR,ARWAL,43,57,0
86,BIHAR,BANKA,44,56,0
87,BIHAR,BEGUSARAI,55,45,0
88,BIHAR,DARBHANGA,52,48,0
89,BIHAR,GAYA,63,37,0
90,BIHAR,JEHANABAD,38,62,0
91,BIHAR,KATIHAR,72,28,0
92,BIHAR,KHAGARIA,15,85,0
93,BIHAR,KISHANGANJ,50,50,0
94,BIHAR,MUZAFFARPUR,54,46,0
95,BIHAR,NALANDA,57,43,0
96,BIHAR,PURBI CHAMPARAN,49,51,0
97,BIHAR,PURNIA,77,23,0
98,BIHAR,SAMASTIPUR,52,48,0
99,BIHAR,SHEIKHPURA,36,64,0
100,BIHAR,SHEOHAR,23,77,0
101,BIHAR,SITAMARHI,61,39,0
102,BIHAR,SIWAN,67,33,0
103,BIHAR,SUPAUL,42,58,0
104,BIHAR,VAISHALI,48,52,0
105,CHANDIGARH,CHANDIGARH,25,75,0.37
106,CHHATTISGARH,DURG,61,39,0.25
107,CHANDIGARH,BILASPUR,80,20,0.21
108,CHANDIGARH,MAHASAMUND,95,5,0.21
109,CHANDIGARH,KABIRDHAM,99,1,0.18
110,CHANDIGARH,RAIPUR,41,59,0.12
111,CHANDIGARH,JASHPUR,85,15,0.11
112,CHANDIGARH,BALOD,98,2,0.08
113,CHANDIGARH,RAJNANDGAON,88,12,0.08
114,CHANDIGARH,KORBA,88,12,0.07
115,CHANDIGARH,JANJGIR CHAMPA,98,2,0.05
116,CHANDIGARH,SURGUJA,86,14,0.05
117,CHANDIGARH,BALODA BAZAR,92,8,0
118,CHANDIGARH,BALRAMPUR,88,12,0
119,CHANDIGARH,BASTAR,97,3,0
120,CHANDIGARH,BEMETARA,99,1,0
121,CHANDIGARH,BIJAPUR,95,5,0
122,CHANDIGARH,DANTEWADA,99,1,0
123,CHANDIGARH,DHAMTARI,99,1,0
124,CHANDIGARH,GARIYABAND,63,37,0
125,CHANDIGARH,GAURELLA PENDRA MARWAHI,100,0,0
126,CHANDIGARH,KANKER,93,7,0
127,CHANDIGARH,KONDAGAON,73,27,0
128,CHANDIGARH,KOREA,98,2,0
129,CHANDIGARH,MUNGELI,100,0,0
130,CHANDIGARH,NARAYANPUR,100,0,0
131,CHANDIGARH,RAIGARH,82,18,0
132,CHANDIGARH,SUKMA,95,5,0
133,CHANDIGARH,SURAJPUR,87,13,0
134,DADRA AND NAGAR HAVELI,DADRA AND NAGAR HAVELI,29,71,0
135,DAMAN AND DIU,DAMAN,12,88,0
136,DAMAN AND DIU,DIU,22,78,0
137,DELHI,EAST,67,33,4.76
138,DELHI,SOUTH EAST,61,39,2.68
139,DELHI,SHAHDARA,57,43,2.39
140,DELHI,NORTH,60,40,1.99
141,DELHI,SOUTH,24,76,8.75
142,DELHI,NORTH WEST,30,70,7.31
143,DELHI,WEST,42,58,6.8
144,DELHI,SOUTH WEST,19,81,5.85
145,DELHI,CENTRAL,28,72,5.79
146,DELHI,NEW DELHI,35,65,5.12
147,DELHI,NORTH EAST,77,23,1.18
148,GOA,SOUTH GOA,43,57,0.82
149,GOA,NORTH GOA,20,80,0.79
150,GUJARAT,VADODARA,8,92,0.71
151,GUJARAT,AHMADABAD,9,91,0.52
152,GUJARAT,DANG,37,63,0.4
153,GUJARAT,GIR SOMNATH,7,93,0.34
154,GUJARAT,GANDHINAGAR,25,75,0.17
155,GUJARAT,PANCH MAHALS,1,99,0.12
156,GUJARAT,ANAND,9,91,0.08
157,GUJARAT,SURAT,4,96,0.08
158,GUJARAT,TAPI,6,94,0.07
159,GUJARAT,BANAS KANTHA,40,60,0.06
160,GUJARAT,JAMNAGAR,12,88,0.06
161,GUJARAT,RAJKOT,16,84,0.05
162,GUJARAT,SABAR KANTHA,5,95,0.05
163,GUJARAT,BHAVNAGAR,1,99,0.04
164,GUJARAT,JUNAGADH,2,98,0.03
165,GUJARAT,NAVSARI,3,97,0.03
166,GUJARAT,AMRELI,13,87,0
167,GUJARAT,ARVALLI,1,99,0
168,GUJARAT,BHARUCH,76,24,0
169,GUJARAT,BOTAD,2,98,0
170,GUJARAT,CHHOTAUDEPUR,18,82,0
171,GUJARAT,DEVBHUMI DWARKA,1,99,0
172,GUJARAT,DOHAD,6,94,0
173,GUJARAT,KACHCHH,0,100,0
174,GUJARAT,KHEDA,20,80,0
175,GUJARAT,MAHESANA,4,96,0
176,GUJARAT,MAHISAGAR,1,99,0
177,GUJARAT,MORBI,18,82,0
178,GUJARAT,NARMADA,6,94,0
179,GUJARAT,PATAN,5,95,0
180,GUJARAT,PORBANDAR,2,98,0
181,GUJARAT,SURENDRANAGAR,5,95,0
182,GUJARAT,VALSAD,4,96,0
183,HARYANA,ROHTAK,21,79,1.99
184,HARYANA,PANCHKULA,25,75,1.59
185,HARYANA,PANIPAT,15,85,0.94
186,HARYANA,FATEHABAD,67,33,0.72
187,HARYANA,SONIPAT,16,84,0.7
188,HARYANA,MAHENDRAGARH,54,46,0.68
189,HARYANA,HISAR,42,58,0.63
190,HARYANA,AMBALA,13,87,0.55
191,HARYANA,REWARI,19,81,0.43
192,HARYANA,KAITHAL,23,77,0.36
193,HARYANA,KURUKSHETRA,17,83,0.27
194,HARYANA,CHARKI DADRI,4,96,0.25
195,HARYANA,KARNAL,9,91,0.23
196,HARYANA,JIND,15,85,0.18
197,HARYANA,JHAJJAR,10,90,0.14
198,HARYANA,FARIDABAD,13,87,7.2
199,HARYANA,SIRSA,16,84,0.11
200,HARYANA,YAMUNANAGAR,32,68,0.06
201,HARYANA,BHIWANI,50,50,0.04
202,HARYANA,NUH,42,58,0
203,HARYANA,PALWAL,28,72,0
204,HIMACHAL PRADESH,KINNAUR,93,7,3.7
205,HIMACHAL PRADESH,CHAMBA,79,21,2.55
206,HIMACHAL PRADESH,UNA,44,56,1.75
207,HIMACHAL PRADESH,SOLAN,64,36,1.69
208,HIMACHAL PRADESH,KANGRA,67,33,1.59
209,HIMACHAL PRADESH,KULLU,71,29,1.46
210,HIMACHAL PRADESH,MANDI,74,26,1.2
211,HIMACHAL PRADESH,HAMIRPUR,84,16,0.91
212,HIMACHAL PRADESH,SHIMLA,56,44,0.81
213,HIMACHAL PRADESH,BILASPUR,85,15,0.77
214,HIMACHAL PRADESH,SIRMAUR,32,68,0.63
215,HIMACHAL PRADESH,LAHUL AND SPITI,50,50,0
216,JAMMU AND KASHMIR,JAMMU,72,28,0.83
217,JAMMU AND KASHMIR,GANDERBAL,73,27,0.2
218,JAMMU AND KASHMIR,SRINAGAR,88,12,0.19
219,JAMMU AND KASHMIR,BARAMULLA,63,37,0.13
220,JAMMU AND KASHMIR,POONCH,88,12,0.12
221,JAMMU AND KASHMIR,SAMBA,91,9,0.1
222,JAMMU AND KASHMIR,DODA,99,1,0.09
223,JAMMU AND KASHMIR,REASI,100,0,0.09
224,JAMMU AND KASHMIR,ANANTNAG,43,57,0.07
225,JAMMU AND KASHMIR,KATHUA,96,4,0.06
226,JAMMU AND KASHMIR,RAJOURI,91,9,0.06
227,JAMMU AND KASHMIR,RAMBAN,60,40,0.05
228,JAMMU AND KASHMIR,UDHAMPUR,89,11,0.05
229,JAMMU AND KASHMIR,KISHTWAR,100,0,0.03
230,JAMMU AND KASHMIR,PULWAMA,72,28,0.03
231,JAMMU AND KASHMIR,BUDGAM,53,47,0.02
232,JAMMU AND KASHMIR,BANDIPORA,76,24,0
233,JAMMU AND KASHMIR,KULGAM,29,71,0
234,JAMMU AND KASHMIR,KUPWARA,64,36,0
235,JAMMU AND KASHMIR,SHOPIAN,42,58,0
236,JHARKHAND,GIRIDIH,20,80,1.96
237,JHARKHAND,RANCHI,31,69,1.26
238,JHARKHAND,LATEHAR,97,3,0.43
239,JHARKHAND,DHANBAD,75,25,0.38
240,JHARKHAND,EAST SINGHBUM,28,72,0.2
241,JHARKHAND,SARAIKELA KHARSAWAN,75,25,0.18
242,JHARKHAND,KHUNTI,87,13,0.14
243,JHARKHAND,SIMDEGA,10,90,0.13
244,JHARKHAND,DEOGHAR,93,7,0.1
245,JHARKHAND,PALAMU,95,5,0.1
246,JHARKHAND,GARHWA,99,1,0.08
247,JHARKHAND,PAKUR,99,1,0.08
248,JHARKHAND,BOKARO,95,5,0
249,JHARKHAND,CHATRA,91,9,0
250,JHARKHAND,DUMKA,75,25,0
251,JHARKHAND,GODDA,96,4,0
252,JHARKHAND,GUMLA,95,5,0
253,JHARKHAND,HAZARIBAGH,73,27,0
254,JHARKHAND,JAMTARA,82,18,0
255,JHARKHAND,KODERMA,3,97,0
256,JHARKHAND,LOHARDAGA,69,31,0
257,JHARKHAND,RAMGARH,92,8,0
258,JHARKHAND,SAHEBGANJ,34,66,0
259,JHARKHAND,WEST SINGHBHUM,97,3,0
260,KARNATAKA,BENGALURU URBAN,9,91,1.95
261,KARNATAKA,BENGALURU RURAL,16,84,1.26
262,KARNATAKA,CHITRADURGA,34,66,0.74
263,KARNATAKA,SHIVAMOGGA,39,61,0.74
264,KARNATAKA,RAICHUR,8,92,0.69
265,KARNATAKA,CHIKKAMAGALURU,33,67,0.56
266,KARNATAKA,MYSURU,21,79,0.5
267,KARNATAKA,BAGALKOTE,29,71,0.45
268,KARNATAKA,KOLAR,49,51,0.45
269,KARNATAKA,DAKSHINA KANNADA,34,66,0.41
270,KARNATAKA,MANDYA,70,30,0.23
271,KARNATAKA,VIJAYAPURA,37,63,0.23
272,KARNATAKA,UDUPI,31,69,0.22
273,KARNATAKA,DHARWAD,40,60,0.1
274,KARNATAKA,BELAGAVI,22,78,0.03
275,KARNATAKA,BALLARI,41,59,0
276,KARNATAKA,BIDAR,21,79,0
277,KARNATAKA,CHAMARAJANAGARA,73,27,0
278,KARNATAKA,CHIKKABALLAPURA,37,63,0
279,KARNATAKA,DAVANGERE,11,89,0
280,KARNATAKA,GADAG,21,79,0
281,KARNATAKA,HASSAN,58,42,0
282,KARNATAKA,HAVERI,5,95,0
283,KARNATAKA,KALABURAGI,25,75,0
284,KARNATAKA,KODAGU,88,12,0
285,KARNATAKA,KOPPAL,15,85,0
286,KARNATAKA,RAMANAGARA,29,71,0
287,KARNATAKA,TUMAKURU,69,31,0
288,KARNATAKA,UTTARA KANNADA,33,67,0
289,KARNATAKA,YADGIR,64,36,0
290,KERALA,WAYANAD,30,70,25.24
291,KERALA,KOLLAM,35,65,20.73
292,KERALA,KANNUR,24,76,20.72
293,KERALA,KOTTAYAM,32,68,19.49
294,KERALA,THRISSUR,28,72,18.79
295,KERALA,ERNAKULAM,31,69,18.04
296,KERALA,KOZHIKODE,27,73,16.15
297,KERALA,THIRUVANANTHAPURAM,32,68,14.49
298,KERALA,KASARAGOD,28,72,14.16
299,KERALA,IDUKKI,47,53,13.7
300,KERALA,MALAPPURAM,40,60,12.77
301,KERALA,PATHANAMTHITTA,38,62,12.5
302,KERALA,PALAKKAD,43,57,12.46
303,KERALA,ALAPPUZHA,36,64,11.89
304,LADAKH,LEH LADAKH,2,98,0.15
305,LADAKH,KARGIL,20,80,0
306,LAKSHADWEEP,LAKSHADWEEP DISTRICT,96,4,0
307,MADHYA PRADESH,DEWAS,6,94,4.2
308,MADHYA PRADESH,INDORE,18,82,1.23
309,MADHYA PRADESH,GWALIOR,23,77,1.12
310,MADHYA PRADESH,SHIVPURI,39,61,1.04
311,MADHYA PRADESH,SHAHDOL,3,97,0.79
312,MADHYA PRADESH,BHOPAL,8,92,0.74
313,MADHYA PRADESH,JABALPUR,6,94,0.51
314,MADHYA PRADESH,RAISEN,6,94,0.33
315,MADHYA PRADESH,DHAR,16,84,0.26
316,MADHYA PRADESH,HARDA,0,100,0.22
317,MADHYA PRADESH,SATNA,54,46,0.2
318,MADHYA PRADESH,VIDISHA,2,98,0.18
319,MADHYA PRADESH,SEHORE,14,86,0.17
320,MADHYA PRADESH,MANDLA,0,100,0.15
321,MADHYA PRADESH,NARSINGHPUR,9,91,0.15
322,MADHYA PRADESH,KATNI,0,100,0.14
323,MADHYA PRADESH,SEONI,2,98,0.14
324,MADHYA PRADESH,GUNA,3,97,0.13
325,MADHYA PRADESH,SINGRAULI,0,100,0.13
326,MADHYA PRADESH,REWA,1,99,0.12
327,MADHYA PRADESH,DINDORI,15,85,0.09
328,MADHYA PRADESH,MANDSAUR,1,99,0.08
329,MADHYA PRADESH,BALAGHAT,1,99,0.07
330,MADHYA PRADESH,HOSHANGABAD,2,98,0.06
331,MADHYA PRADESH,MORENA,2,98,0.05
332,MADHYA PRADESH,CHHINDWARA,0,100,0.02
333,MADHYA PRADESH,AGAR MALWA,1,99,0
334,MADHYA PRADESH,ALIRAJPUR,6,94,0
335,MADHYA PRADESH,ANUPPUR,1,99,0
336,MADHYA PRADESH,ASHOKNAGAR,4,96,0
337,MADHYA PRADESH,BARWANI,62,38,0
338,MADHYA PRADESH,BETUL,1,99,0
339,MADHYA PRADESH,BHIND,74,26,0
340,MADHYA PRADESH,BURHANPUR,60,40,0
341,MADHYA PRADESH,CHHATARPUR,21,79,0
342,MADHYA PRADESH,DAMOH,40,60,0
343,MADHYA PRADESH,DATIA,2,98,0
344,MADHYA PRADESH,EAST NIMAR,2,98,0
345,MADHYA PRADESH,JHABUA,3,97,0
346,MADHYA PRADESH,KHARGONE,16,84,0
347,MADHYA PRADESH,NEEMUCH,8,92,0
348,MADHYA PRADESH,NIWARI,1,99,0
349,MADHYA PRADESH,PANNA,4,96,0
350,MADHYA PRADESH,RAJGARH,4,96,0
351,MADHYA PRADESH,RATLAM,4,96,0
352,MADHYA PRADESH,SAGAR,10,90,0
353,MADHYA PRADESH,SHAJAPUR,1,99,0
354,MADHYA PRADESH,SIDHI,40,60,0
355,MADHYA PRADESH,TIKAMGARH,1,99,0
356,MADHYA PRADESH,UJJAIN,2,98,0
357,MADHYA PRADESH,SHEOPUR,57,43,14.29
358,MADHYA PRADESH,UMARIA,12,88,0
359,MAHARASHTRA,DHULE,72,28,1.95
360,MAHARASHTRA,AKOLA,27,73,1.38
361,MAHARASHTRA,BEED,47,53,1.27
362,MAHARASHTRA,PUNE,32,68,1.27
363,MAHARASHTRA,MUMBAI SUBURBAN,47,53,0.97
364,MAHARASHTRA,PARBHANI,19,81,0.94
365,MAHARASHTRA,MUMBAI,14,86,0.85
366,MAHARASHTRA,AURANGABAD,22,78,0.72
367,MAHARASHTRA,NASHIK,56,44,0.57
368,MAHARASHTRA,KOLHAPUR,32,68,0.5
369,MAHARASHTRA,HINGOLI,55,45,0.49
370,MAHARASHTRA,GONDIA,50,50,0.48
371,MAHARASHTRA,SATARA,62,38,0.45
372,MAHARASHTRA,JALNA,13,87,0.42
373,MAHARASHTRA,JALGAON,42,58,0.35
374,MAHARASHTRA,WASHIM,31,69,0.35
375,MAHARASHTRA,NANDED,31,69,0.34
376,MAHARASHTRA,AHMEDNAGAR,69,31,0.31
377,MAHARASHTRA,THANE,48,52,0.27
378,MAHARASHTRA,PALGHAR,25,75,0.25
379,MAHARASHTRA,RAIGAD,61,39,0.21
380,MAHARASHTRA,SOLAPUR,75,25,0.15
381,MAHARASHTRA,GADCHIROLI,63,37,0.14
382,MAHARASHTRA,NAGPUR,14,86,0.12
383,MAHARASHTRA,SANGLI,51,49,0.12
384,MAHARASHTRA,RATNAGIRI,56,44,0.09
385,MAHARASHTRA,AMRAVATI,17,83,0
386,MAHARASHTRA,BHANDARA,84,16,0
387,MAHARASHTRA,BULDHANA,60,40,0
388,MAHARASHTRA,CHANDRAPUR,62,38,0
389,MAHARASHTRA,LATUR,62,38,0
390,MAHARASHTRA,NANDURBAR,17,83,0
391,MAHARASHTRA,OSMANABAD,42,58,0
392,MAHARASHTRA,SINDHUDURG,37,63,0
393,MAHARASHTRA,WARDHA,81,19,0
394,MAHARASHTRA,YAVATMAL,44,56,0
395,MANIPUR,KAKCHING,32,68,4.05
396,MANIPUR,BISHNUPUR,36,64,4.03
397,MANIPUR,IMPHAL EAST,36,64,1.51
398,MANIPUR,THOUBAL,46,54,1.48
399,MANIPUR,SENAPATI,42,58,1.37
400,MANIPUR,IMPHAL WEST,34,66,0.85
401,MANIPUR,CHURACHANDPUR,72,28,0
402,MANIPUR,JIRIBAM,100,0,0
403,MANIPUR,KAMJONG,44,56,0
404,MANIPUR,CHANDEL,54,46,5.71
405,MANIPUR,KANGPOKPI,34,66,0
406,MANIPUR,NONEY,0,100,0
407,MANIPUR,PHERZAWL,100,0,0
408,MANIPUR,TAMENGLONG,43,57,0
409,MANIPUR,TENGNOUPAL,52,48,0
410,MANIPUR,UKHRUL,65,35,0
411,MEGHALAYA,RI BHOI,81,19,2.31
412,MEGHALAYA,EAST JAINTIA HILLS,85,15,0.81
413,MEGHALAYA,EAST KHASI HILLS,35,65,0.34
414,MEGHALAYA,EAST GARO HILLS,86,14,0
415,MEGHALAYA,NORTH GARO HILLS,100,0,0
416,MEGHALAYA,SOUTH GARO HILLS,79,21,0
417,MEGHALAYA,SOUTH WEST GARO HILLS,96,4,0
418,MEGHALAYA,SOUTH WEST KHASI HILLS,92,8,0
419,MEGHALAYA,WEST GARO HILLS,71,29,0
420,MEGHALAYA,WEST JAINTIA HILLS,68,32,0
421,MEGHALAYA,WEST KHASI HILLS,26,74,0
422,MIZORAM,SAITUAL,100,0,42.76
423,MIZORAM,SERCHHIP,100,0,38.41
424,MIZORAM,MAMIT,100,0,28.33
425,MIZORAM,KHAWZAWL,100,0,26.89
426,MIZORAM,KOLASIB,99,1,22.37
427,MIZORAM,LAWNGTLAI,94,6,5.88
428,MIZORAM,HNAHTHIAL,99,1,16.05
429,MIZORAM,LUNGLEI,99,1,15.21
430,MIZORAM,AIZAWL,99,1,10.15
431,MIZORAM,SAIHA,100,0,4.17
432,MIZORAM,CHAMPHAI,99,1,1.04
433,NAGALAND,KOHIMA,40,60,4.29
434,NAGALAND,DIMAPUR,90,10,0.54
435,NAGALAND,KIPHIRE,67,33,0
436,NAGALAND,LONGLENG,0,100,0
437,NAGALAND,MOKOKCHUNG,96,4,0
438,NAGALAND,MON,0,100,0
439,NAGALAND,PEREN,0,100,0
440,NAGALAND,PHEK,67,33,0
441,NAGALAND,TUENSANG,67,33,0
442,NAGALAND,WOKHA,100,0,0
443,ODISHA,KHORDHA,41,59,1.86
444,ODISHA,SAMBALPUR,67,33,0.29
445,ODISHA,SUNDARGARH,55,45,0.28
446,ODISHA,PURI,34,66,0.26
447,ODISHA,KENDRAPARA,94,6,0.25
448,ODISHA,BALESHWAR,92,8,0.19
449,ODISHA,BALANGIR,84,16,0.16
450,ODISHA,CUTTACK,72,28,0.14
451,ODISHA,SONEPUR,48,52,0.09
452,ODISHA,JAJAPUR,59,41,0.07
453,ODISHA,GAJAPATI,49,51,0.06
454,ODISHA,GANJAM,79,21,0.05
455,ODISHA,MAYURBHANJ,97,3,0.05
456,ODISHA,NAYAGARH,55,45,0.05
457,ODISHA,NUAPADA,60,40,0.05
458,ODISHA,BHADRAK,77,23,0.04
459,ODISHA,JHARSUGUDA,75,25,0.04
460,ODISHA,RAYAGADA,75,25,0.04
461,ODISHA,ANUGUL,44,56,0.02
462,ODISHA,JAGATSINGHAPUR,58,42,0.02
463,ODISHA,KORAPUT,77,23,0.02
464,ODISHA,BARGARH,81,19,0
465,ODISHA,BOUDH,10,90,0
466,ODISHA,DEOGARH,36,64,0
467,ODISHA,DHENKANAL,60,40,0
468,ODISHA,KALAHANDI,54,46,0
469,ODISHA,KANDHAMAL,59,41,0
470,ODISHA,KENDUJHAR,39,61,0
471,ODISHA,MALKANGIRI,68,32,0
472,ODISHA,NABARANGPUR,62,38,0
473,PUDUCHERRY,PONDICHERRY,7,93,0.13
474,PUDUCHERRY,KARAIKAL,66,34,0
475,PUDUCHERRY,MAHE,82,18,0
476,PUDUCHERRY,YANAM,95,5,0
477,PUNJAB,S.A.S NAGAR,42,58,0.67
478,PUNJAB,HOSHIARPUR,60,40,0.57
479,PUNJAB,SHAHID BHAGAT SINGH NAGAR,42,58,0.53
480,PUNJAB,FATEHGARH SAHIB,37,63,0.34
481,PUNJAB,PATIALA,28,72,0.28
482,PUNJAB,SRI MUKTSAR SAHIB,59,41,0.28
483,PUNJAB,FARIDKOT,57,43,0.27
484,PUNJAB,FIROZEPUR,29,71,0.27
485,PUNJAB,PATHANKOT,7,93,0.26
486,PUNJAB,LUDHIANA,24,76,0.25
487,PUNJAB,AMRITSAR,26,74,0.23
488,PUNJAB,JALANDHAR,47,53,0.2
489,PUNJAB,KAPURTHALA,40,60,0.17
490,PUNJAB,BARNALA,12,88,0.15
491,PUNJAB,RUPNAGAR,11,89,0.11
492,PUNJAB,SANGRUR,33,67,0.09
493,PUNJAB,BATHINDA,30,70,0.06
494,PUNJAB,TARN TARAN,16,84,0.02
495,PUNJAB,GURDASPUR,11,89,0.01
496,PUNJAB,FAZILKA,47,53,0
497,PUNJAB,MANSA,28,72,0
498,PUNJAB,MOGA,25,75,0
499,RAJASTHAN,JAIPUR,13,87,1.21
500,RAJASTHAN,UDAIPUR,28,72,0.62
501,RAJASTHAN,GANGANAGAR,51,49,0.48
502,RAJASTHAN,JODHPUR,12,88,0.41
503,RAJASTHAN,JHUNJHUNU,61,39,0.36
504,RAJASTHAN,BHARATPUR,8,92,0.33
505,RAJASTHAN,NAGAUR,53,47,0.27
506,RAJASTHAN,DAUSA,7,93,0.26
507,RAJASTHAN,CHITTORGARH,38,62,0.25
508,RAJASTHAN,BIKANER,12,88,0.24
509,RAJASTHAN,ALWAR,93,7,0.21
510,RAJASTHAN,AJMER,29,71,0.11
511,RAJASTHAN,BHILWARA,10,90,0.08
512,RAJASTHAN,KOTA,23,77,0.05
513,RAJASTHAN,BANSWARA,16,84,0
514,RAJASTHAN,BARAN,87,13,0
515,RAJASTHAN,BARMER,40,60,0
516,RAJASTHAN,BUNDI,33,67,0
517,RAJASTHAN,CHURU,46,54,0
518,RAJASTHAN,DHOLPUR,85,15,0
519,RAJASTHAN,DUNGARPUR,29,71,0
520,RAJASTHAN,HANUMANGARH,77,23,0
521,RAJASTHAN,JAISALMER,19,81,0
522,RAJASTHAN,JALORE,80,20,0
523,RAJASTHAN,JHALAWAR,5,95,0
524,RAJASTHAN,KARAULI,69,31,0
525,RAJASTHAN,PALI,40,60,0
526,RAJASTHAN,PRATAPGARH,50,50,0
527,RAJASTHAN,RAJSAMAND,30,70,0
528,RAJASTHAN,SAWAI MADHOPUR,58,42,0
529,RAJASTHAN,SIKAR,49,51,0
530,RAJASTHAN,SIROHI,34,66,0
531,RAJASTHAN,TONK,48,52,0
532,SIKKIM,EAST DISTRICT,0,100,2.89
533,SIKKIM,SOUTH DISTRICT,1,99,5.43
534,SIKKIM,WEST DISTRICT,0,100,2.27
535,SIKKIM,NORTH DISTRICT,12,88,0
536,TAMIL NADU,CHENNAI,1,99,1.14
537,TAMIL NADU,THANJAVUR,1,99,0.46
538,TAMIL NADU,COIMBATORE,1,99,0.32
539,TAMIL NADU,RANIPET,0,100,0.19
540,TAMIL NADU,MADURAI,0,100,0.18
541,TAMIL NADU,TIRUNELVELI,0,100,0.17
542,TAMIL NADU,CHENGALPATTU,0,100,0.16
543,TAMIL NADU,ERODE,0,100,0.16
544,TAMIL NADU,THIRUVARUR,0,100,0.16
545,TAMIL NADU,SIVAGANGA,0,100,0.14
546,TAMIL NADU,TENKASI,0,100,0.13
547,TAMIL NADU,VELLORE,0,100,0.12
548,TAMIL NADU,THIRUVALLUR,0,100,0.11
549,TAMIL NADU,KANCHIPURAM,0,100,0.08
550,TAMIL NADU,TIRUPPUR,0,100,0.08
551,TAMIL NADU,KARUR,0,100,0.07
552,TAMIL NADU,TIRUCHIRAPPALLI,0,100,0.06
553,TAMIL NADU,CUDDALORE,0,100,0.04
554,TAMIL NADU,TIRUPATHUR,0,100,0.04
555,TAMIL NADU,NAGAPATTINAM,1,99,0.03
556,TAMIL NADU,SALEM,0,100,0.03
557,TAMIL NADU,THE NILGIRIS,0,100,0.03
558,TAMIL NADU,TUTICORIN,0,100,0.03
559,TAMIL NADU,ARIYALUR,0,100,0
560,TAMIL NADU,DHARMAPURI,0,100,0
561,TAMIL NADU,DINDIGUL,0,100,0
562,TAMIL NADU,KALLAKURICHI,0,100,0
563,TAMIL NADU,KANNIYAKUMARI,0,100,0
564,TAMIL NADU,KRISHNAGIRI,0,100,0
565,TAMIL NADU,NAMAKKAL,0,100,0
566,TAMIL NADU,PERAMBALUR,0,100,0
567,TAMIL NADU,PUDUKKOTTAI,0,100,0
568,TAMIL NADU,RAMANATHAPURAM,0,100,0
569,TAMIL NADU,THENI,0,100,0
570,TAMIL NADU,TIRUVANNAMALAI,0,100,0
571,TAMIL NADU,VILLUPURAM,0,100,0
572,TAMIL NADU,VIRUDHUNAGAR,0,100,0
573,TELANGANA,BHADRADRI KOTHAGUDEM,85,15,0.15
574,TELANGANA,ADILABAD,77,23,0.07
575,TELANGANA,HYDERABAD,68,32,0.05
576,TELANGANA,MEDCHAL MALKAJGIRI,51,49,0.02
577,TELANGANA,RANGA REDDY,57,43,0.02
578,TELANGANA,JAGITIAL,95,5,0
579,TELANGANA,JANGOAN,94,6,0
580,TELANGANA,JAYASHANKAR BHUPALAPALLY,100,0,0
581,TELANGANA,JOGULAMBA GADWAL,89,11,0
582,TELANGANA,KAMAREDDY,77,23,0
583,TELANGANA,KARIMNAGAR,93,7,0
584,TELANGANA,KHAMMAM,71,29,0
585,TELANGANA,KUMURAM BHEEM ASIFABAD,85,15,0
586,TELANGANA,MAHABUBABAD,83,17,0
587,TELANGANA,MAHABUBNAGAR,68,32,0
588,TELANGANA,MANCHERIAL,96,4,0
589,TELANGANA,MEDAK,67,33,0
590,TELANGANA,MULUGU,100,0,0
591,TELANGANA,NAGARKURNOOL,97,3,0
592,TELANGANA,NALGONDA,86,14,0
593,TELANGANA,NARAYANPET,82,18,0
594,TELANGANA,NIRMAL,80,20,0
595,TELANGANA,NIZAMABAD,73,27,0
596,TELANGANA,PEDDAPALLI,97,3,0
597,TELANGANA,RAJANNA SIRCILLA,96,4,0
598,TELANGANA,SANGAREDDY,63,37,0
599,TELANGANA,SIDDIPET,90,10,0
600,TELANGANA,SURYAPET,98,2,0
601,TELANGANA,VIKARABAD,91,9,0
602,TELANGANA,WANAPARTHY,85,15,0
603,TELANGANA,WARANGAL RURAL,96,4,0
604,TELANGANA,WARANGAL URBAN,95,5,0
605,TELANGANA,YADADRI BHUVANAGIRI,95,5,0
606,TRIPURA,KHOWAI,100,0,0.48
607,TRIPURA,NORTH TRIPURA,95,5,0.23
608,TRIPURA,WEST TRIPURA,95,5,0.1
609,TRIPURA,DHALAI,96,4,0
610,TRIPURA,GOMATI,96,4,0
611,TRIPURA,SEPAHIJALA,96,4,0
612,TRIPURA,SOUTH TRIPURA,96,4,0
613,TRIPURA,UNAKOTI,99,1,0
614,UTTAR PRADESH,GHAZIABAD,29,71,2.19
615,UTTAR PRADESH,AMBEDKAR NAGAR,25,75,2.06
616,UTTAR PRADESH,LUCKNOW,35,65,0.63
617,UTTAR PRADESH,JALAUN,50,50,0.52
618,UTTAR PRADESH,BAGHPAT,58,42,0.2
619,UTTAR PRADESH,BULANDSHAHR,45,55,0.16
620,UTTAR PRADESH,MEERUT,49,51,0.16
621,UTTAR PRADESH,MAHARAJGANJ,49,51,0.15
622,UTTAR PRADESH,GONDA,38,62,0.12
623,UTTAR PRADESH,AGRA,45,55,0.11
624,UTTAR PRADESH,KANPUR NAGAR,24,76,0.1
625,UTTAR PRADESH,BAHRAICH,27,73,0.09
626,UTTAR PRADESH,BANDA,24,76,0.09
627,UTTAR PRADESH,CHITRAKOOT,16,84,0.09
628,UTTAR PRADESH,PRAYAGRAJ,49,51,0.09
629,UTTAR PRADESH,FATEHPUR,47,53,0.08
630,UTTAR PRADESH,MUZAFFARNAGAR,52,48,0.08
631,UTTAR PRADESH,BAREILLY,29,71,0.07
632,UTTAR PRADESH,SITAPUR,30,70,0.07
633,UTTAR PRADESH,GORAKHPUR,59,41,0.06
634,UTTAR PRADESH,HAPUR,45,55,0.06
635,UTTAR PRADESH,LALITPUR,61,39,0.06
636,UTTAR PRADESH,AURAIYA,51,49,0.04
637,UTTAR PRADESH,BALRAMPUR,36,64,0.04
638,UTTAR PRADESH,BASTI,37,63,0.04
639,UTTAR PRADESH,PILIBHIT,34,66,0.04
640,UTTAR PRADESH,VARANASI,48,52,0.04
641,UTTAR PRADESH,ALIGARH,51,49,0.03
642,UTTAR PRADESH,AMROHA,30,70,0.03
643,UTTAR PRADESH,BHADOHI,44,56,0.03
644,UTTAR PRADESH,CHANDAULI,57,43,0.03
645,UTTAR PRADESH,JAUNPUR,51,49,0.03
646,UTTAR PRADESH,MIRZAPUR,55,45,0.03
647,UTTAR PRADESH,SONBHADRA,55,45,0.03
648,UTTAR PRADESH,AZAMGARH,56,44,0.02
649,UTTAR PRADESH,BARABANKI,35,65,0.02
650,UTTAR PRADESH,BIJNOR,49,51,0.02
651,UTTAR PRADESH,DEORIA,39,61,0.02
652,UTTAR PRADESH,GHAZIPUR,73,27,0.02
653,UTTAR PRADESH,HARDOI,44,56,0.02
654,UTTAR PRADESH,JHANSI,68,32,0.02
655,UTTAR PRADESH,KAUSHAMBI,4,96,0.02
656,UTTAR PRADESH,MATHURA,51,49,0.02
657,UTTAR PRADESH,MORADABAD,38,62,0.02
658,UTTAR PRADESH,PRATAPGARH,51,49,0.02
659,UTTAR PRADESH,RAE BARELI,36,64,0.02
660,UTTAR PRADESH,SAHARANPUR,50,50,0.02
661,UTTAR PRADESH,SULTANPUR,24,76,0.02
662,UTTAR PRADESH,AYODHYA,33,67,0.01
663,UTTAR PRADESH,BALLIA,40,60,0.01
664,UTTAR PRADESH,FIROZABAD,50,50,0.01
665,UTTAR PRADESH,HAMIRPUR,41,59,0.01
666,UTTAR PRADESH,HATHRAS,27,73,0.01
667,UTTAR PRADESH,KHERI,43,57,0.01
668,UTTAR PRADESH,MAINPURI,44,56,0.01
669,UTTAR PRADESH,RAMPUR,44,56,0.01
670,UTTAR PRADESH,SHAHJAHANPUR,46,54,0.01
671,UTTAR PRADESH,SHAMLI,49,51,0.01
672,UTTAR PRADESH,UNNAO,36,64,0.01
673,UTTAR PRADESH,AMETHI,41,59,0
674,UTTAR PRADESH,BUDAUN,32,68,0
675,UTTAR PRADESH,ETAH,31,69,0
676,UTTAR PRADESH,ETAWAH,47,53,0
677,UTTAR PRADESH,FARRUKHABAD,44,56,0
678,UTTAR PRADESH,KANNAUJ,45,55,0
679,UTTAR PRADESH,KANPUR DEHAT,19,81,0
680,UTTAR PRADESH,KASGANJ,36,64,0
681,UTTAR PRADESH,KUSHI NAGAR,51,49,0
682,UTTAR PRADESH,MAHOBA,20,80,0
683,UTTAR PRADESH,MAU,17,83,0
684,UTTAR PRADESH,SAMBHAL,35,65,0
685,UTTAR PRADESH,SANT KABEER NAGAR,48,52,0
686,UTTAR PRADESH,GAUTAM BUDDHA NAGAR,9,91,12.7
687,UTTAR PRADESH,SHRAVASTI,46,54,0
688,UTTAR PRADESH,SIDDHARTH NAGAR,34,66,0
689,UTTARAKHAND,HARIDWAR,60,40,1.74
690,UTTARAKHAND,DEHRADUN,27,73,1.23
691,UTTARAKHAND,UDAM SINGH NAGAR,25,75,0.62
692,UTTARAKHAND,ALMORA,15,85,0.36
693,UTTARAKHAND,NAINITAL,50,50,0.25
694,UTTARAKHAND,UTTAR KASHI,0,100,0.24
695,UTTARAKHAND,CHAMPAWAT,2,98,0.16
696,UTTARAKHAND,BAGESHWAR,14,86,0
697,UTTARAKHAND,CHAMOLI,82,18,0
698,UTTARAKHAND,PAURI GARHWAL,95,5,0
699,UTTARAKHAND,PITHORAGARH,10,90,0
700,UTTARAKHAND,RUDRA PRAYAG,42,58,0
701,UTTARAKHAND,TEHRI GARHWAL,37,63,0
702,WEST BENGAL,JHARGRAM,86,14,2.04
703,WEST BENGAL,BANKURA,35,65,1.41
704,WEST BENGAL,KOLKATA,9,91,1.04
705,WEST BENGAL,PURBA BARDHAMAN,64,36,0.51
706,WEST BENGAL,MALDAH,49,51,0.48
707,WEST BENGAL,BIRBHUM,38,62,0.35
708,WEST BENGAL,DARJEELING,51,49,0.32
709,WEST BENGAL,COOCHBEHAR,92,8,0.26
710,WEST BENGAL,HOOGHLY,45,55,0.25
711,WEST BENGAL,DINAJPUR DAKSHIN,50,50,0.24
712,WEST BENGAL,PURULIA,62,38,0.23
713,WEST BENGAL,HOWRAH,37,63,0.22
714,WEST BENGAL,24 PARAGANAS SOUTH,36,64,0.21
715,WEST BENGAL,MEDINIPUR EAST,63,37,0.16
716,WEST BENGAL,MURSHIDABAD,60,40,0.16
717,WEST BENGAL,JALPAIGURI,56,44,0.15
718,WEST BENGAL,24 PARAGANAS NORTH,85,15,0.13
719,WEST BENGAL,ALIPURDUAR,73,27,0.13
720,WEST BENGAL,NADIA,86,14,0.13
721,WEST BENGAL,MEDINIPUR WEST,80,20,0.08
722,WEST BENGAL,PASCHIM BARDHAMAN,23,77,0.08
723,WEST BENGAL,DINAJPUR UTTAR,31,69,0
724,WEST BENGAL,KALIMPONG,23,77,0
